<?xml version="1.0" encoding="UTF-8"?>
<Configuration packages="biz.paluch.logging.gelf.log4j2">
    <Appenders>
        <Gelf name="gelf" host="tcp:log-centralizer" port="12201" version="1.1" extractStackTrace="true"
              filterStackTrace="true" mdcProfiling="true" includeFullMdc="true" maximumMessageSize="8192"
              originHost="%host{fqdn}" additionalFieldTypes="app_name=String">
            <Field name="timestamp" pattern="%d{yyyy-MM-dd HH:mm:ss,SSS}" />
            <Field name="level" pattern="%level" />
            <Field name="simpleClassName" pattern="%C{1}" />
            <Field name="className" pattern="%C" />
            <Field name="server" pattern="%host" />
            <Field name="server.fqdn" pattern="%host{fqdn}" />
            <!-- This is a static field -->
            <Field name="app_name" literal="entityCalculationFn" />
        </Gelf>
        <Console name="LogToConsole" target="SYSTEM_OUT">
            <PatternLayout pattern="%d{HH:mm:ss.SSS} [%t] %-5level %logger{36} - %msg%n"/>
        </Console>
    </Appenders>
    <Loggers>
        <Root level="INFO">
            <AppenderRef ref="gelf" />
            <AppenderRef ref="LogToConsole"/> 
        </Root>
    </Loggers>
</Configuration> 